[{"model": "admin.logentry", "pk": 1, "fields": {"action_time": "2023-01-26T02:49:05.939Z", "user": 1, "content_type": 7, "object_id": "1", "object_repr": "the first, report | admin", "action_flag": 1, "change_message": "[{\"added\": {}}]"}}, {"model": "admin.logentry", "pk": 2, "fields": {"action_time": "2023-01-26T03:46:44.786Z", "user": 1, "content_type": 7, "object_id": "2", "object_repr": "second | admin", "action_flag": 1, "change_message": "[{\"added\": {}}]"}}, {"model": "admin.logentry", "pk": 3, "fields": {"action_time": "2023-02-05T21:16:23.150Z", "user": 1, "content_type": 7, "object_id": "2", "object_repr": "second | admin", "action_flag": 3, "change_message": ""}}, {"model": "admin.logentry", "pk": 4, "fields": {"action_time": "2023-02-05T21:16:29.532Z", "user": 1, "content_type": 7, "object_id": "1", "object_repr": "the first, report | admin", "action_flag": 3, "change_message": ""}}, {"model": "admin.logentry", "pk": 5, "fields": {"action_time": "2023-02-05T21:27:09.682Z", "user": 1, "content_type": 10, "object_id": "1", "object_repr": "Method object (1)", "action_flag": 1, "change_message": "[{\"added\": {}}]"}}, {"model": "admin.logentry", "pk": 6, "fields": {"action_time": "2023-02-05T21:27:16.704Z", "user": 1, "content_type": 10, "object_id": "2", "object_repr": "Method object (2)", "action_flag": 1, "change_message": "[{\"added\": {}}]"}}, {"model": "admin.logentry", "pk": 7, "fields": {"action_time": "2023-02-05T21:27:21.271Z", "user": 1, "content_type": 10, "object_id": "3", "object_repr": "Method object (3)", "action_flag": 1, "change_message": "[{\"added\": {}}]"}}, {"model": "admin.logentry", "pk": 8, "fields": {"action_time": "2023-02-05T21:27:24.468Z", "user": 1, "content_type": 10, "object_id": "4", "object_repr": "Method object (4)", "action_flag": 1, "change_message": "[{\"added\": {}}]"}}, {"model": "admin.logentry", "pk": 9, "fields": {"action_time": "2023-02-21T20:06:08.364Z", "user": 1, "content_type": 8, "object_id": "1", "object_repr": "Account object (1)", "action_flag": 1, "change_message": "[{\"added\": {}}]"}}, {"model": "admin.logentry", "pk": 10, "fields": {"action_time": "2023-02-21T20:06:15.776Z", "user": 1, "content_type": 8, "object_id": "1", "object_repr": "Account object (1)", "action_flag": 3, "change_message": ""}}, {"model": "admin.logentry", "pk": 11, "fields": {"action_time": "2023-02-21T20:06:25.517Z", "user": 1, "content_type": 8, "object_id": "2", "object_repr": "Account object (2)", "action_flag": 1, "change_message": "[{\"added\": {}}]"}}, {"model": "admin.logentry", "pk": 12, "fields": {"action_time": "2023-02-21T20:06:39.213Z", "user": 1, "content_type": 8, "object_id": "3", "object_repr": "Account object (3)", "action_flag": 1, "change_message": "[{\"added\": {}}]"}}, {"model": "admin.logentry", "pk": 13, "fields": {"action_time": "2023-02-21T20:07:20.835Z", "user": 1, "content_type": 8, "object_id": "4", "object_repr": "Juego", "action_flag": 1, "change_message": "[{\"added\": {}}]"}}, {"model": "admin.logentry", "pk": 14, "fields": {"action_time": "2023-02-21T20:07:35.313Z", "user": 1, "content_type": 8, "object_id": "5", "object_repr": "Responsabilidad social", "action_flag": 1, "change_message": "[{\"added\": {}}]"}}, {"model": "admin.logentry", "pk": 15, "fields": {"action_time": "2023-02-21T20:07:50.363Z", "user": 1, "content_type": 8, "object_id": "6", "object_repr": "Educación", "action_flag": 1, "change_message": "[{\"added\": {}}]"}}, {"model": "admin.logentry", "pk": 16, "fields": {"action_time": "2023-02-21T20:08:41.854Z", "user": 1, "content_type": 8, "object_id": "7", "object_repr": "Imprevistos", "action_flag": 1, "change_message": "[{\"added\": {}}]"}}, {"model": "admin.logentry", "pk": 17, "fields": {"action_time": "2023-02-21T21:17:31.796Z", "user": 1, "content_type": 8, "object_id": "8", "object_repr": "Social Responsability", "action_flag": 1, "change_message": "[{\"added\": {}}]"}}, {"model": "admin.logentry", "pk": 18, "fields": {"action_time": "2023-02-21T21:17:38.009Z", "user": 1, "content_type": 8, "object_id": "5", "object_repr": "Responsabilidad social", "action_flag": 3, "change_message": ""}}, {"model": "admin.logentry", "pk": 19, "fields": {"action_time": "2023-02-21T21:17:59.564Z", "user": 1, "content_type": 8, "object_id": "9", "object_repr": "Obligations", "action_flag": 1, "change_message": "[{\"added\": {}}]"}}, {"model": "admin.logentry", "pk": 20, "fields": {"action_time": "2023-02-21T21:18:48.772Z", "user": 1, "content_type": 8, "object_id": "10", "object_repr": "Incidentals", "action_flag": 1, "change_message": "[{\"added\": {}}]"}}, {"model": "admin.logentry", "pk": 21, "fields": {"action_time": "2023-02-21T21:19:06.509Z", "user": 1, "content_type": 8, "object_id": "7", "object_repr": "Imprevistos", "action_flag": 3, "change_message": ""}}, {"model": "admin.logentry", "pk": 22, "fields": {"action_time": "2023-02-21T21:19:17.434Z", "user": 1, "content_type": 8, "object_id": "11", "object_repr": "Education", "action_flag": 1, "change_message": "[{\"added\": {}}]"}}, {"model": "admin.logentry", "pk": 23, "fields": {"action_time": "2023-02-21T21:19:23.901Z", "user": 1, "content_type": 8, "object_id": "6", "object_repr": "Educación", "action_flag": 3, "change_message": ""}}, {"model": "admin.logentry", "pk": 24, "fields": {"action_time": "2023-02-21T21:19:28.392Z", "user": 1, "content_type": 8, "object_id": "2", "object_repr": "Obligaciones", "action_flag": 3, "change_message": ""}}, {"model": "admin.logentry", "pk": 25, "fields": {"action_time": "2023-02-21T21:19:36.924Z", "user": 1, "content_type": 8, "object_id": "4", "object_repr": "Game", "action_flag": 2, "change_message": "[{\"changed\": {\"fields\": [\"Name\"]}}]"}}, {"model": "admin.logentry", "pk": 26, "fields": {"action_time": "2023-02-21T21:19:49.180Z", "user": 1, "content_type": 8, "object_id": "3", "object_repr": "Finantial freedom", "action_flag": 2, "change_message": "[{\"changed\": {\"fields\": [\"Name\"]}}]"}}, {"model": "admin.logentry", "pk": 27, "fields": {"action_time": "2023-02-21T21:24:33.067Z", "user": 1, "content_type": 9, "object_id": "1", "object_repr": "Pantry", "action_flag": 1, "change_message": "[{\"added\": {}}]"}}, {"model": "admin.logentry", "pk": 28, "fields": {"action_time": "2023-02-21T21:24:45.324Z", "user": 1, "content_type": 9, "object_id": "2", "object_repr": "Pet", "action_flag": 1, "change_message": "[{\"added\": {}}]"}}, {"model": "admin.logentry", "pk": 29, "fields": {"action_time": "2023-02-21T21:24:56.410Z", "user": 1, "content_type": 9, "object_id": "3", "object_repr": "Cleaning", "action_flag": 1, "change_message": "[{\"added\": {}}]"}}, {"model": "admin.logentry", "pk": 30, "fields": {"action_time": "2023-02-21T21:25:05.938Z", "user": 1, "content_type": 9, "object_id": "4", "object_repr": "Internet", "action_flag": 1, "change_message": "[{\"added\": {}}]"}}, {"model": "admin.logentry", "pk": 31, "fields": {"action_time": "2023-02-21T21:25:30.046Z", "user": 1, "content_type": 9, "object_id": "5", "object_repr": "Transport", "action_flag": 1, "change_message": "[{\"added\": {}}]"}}, {"model": "admin.logentry", "pk": 32, "fields": {"action_time": "2023-02-21T21:25:38.570Z", "user": 1, "content_type": 9, "object_id": "6", "object_repr": "Gym", "action_flag": 1, "change_message": "[{\"added\": {}}]"}}, {"model": "admin.logentry", "pk": 33, "fields": {"action_time": "2023-02-21T21:26:05.145Z", "user": 1, "content_type": 9, "object_id": "7", "object_repr": "Bike", "action_flag": 1, "change_message": "[{\"added\": {}}]"}}, {"model": "admin.logentry", "pk": 34, "fields": {"action_time": "2023-02-21T21:26:18.078Z", "user": 1, "content_type": 9, "object_id": "8", "object_repr": "Supplements", "action_flag": 1, "change_message": "[{\"added\": {}}]"}}, {"model": "admin.logentry", "pk": 35, "fields": {"action_time": "2023-02-21T21:26:26.337Z", "user": 1, "content_type": 9, "object_id": "9", "object_repr": "Home", "action_flag": 1, "change_message": "[{\"added\": {}}]"}}, {"model": "admin.logentry", "pk": 36, "fields": {"action_time": "2023-02-21T21:26:45.342Z", "user": 1, "content_type": 9, "object_id": "10", "object_repr": "Rent", "action_flag": 1, "change_message": "[{\"added\": {}}]"}}, {"model": "admin.logentry", "pk": 37, "fields": {"action_time": "2023-02-21T21:26:54.625Z", "user": 1, "content_type": 9, "object_id": "11", "object_repr": "Laundry", "action_flag": 1, "change_message": "[{\"added\": {}}]"}}, {"model": "admin.logentry", "pk": 38, "fields": {"action_time": "2023-02-21T21:27:06.379Z", "user": 1, "content_type": 9, "object_id": "12", "object_repr": "Personal", "action_flag": 1, "change_message": "[{\"added\": {}}]"}}, {"model": "admin.logentry", "pk": 39, "fields": {"action_time": "2023-02-21T21:27:13.435Z", "user": 1, "content_type": 9, "object_id": "12", "object_repr": "Personal care", "action_flag": 2, "change_message": "[{\"changed\": {\"fields\": [\"Name\"]}}]"}}, {"model": "admin.logentry", "pk": 40, "fields": {"action_time": "2023-02-21T21:27:48.014Z", "user": 1, "content_type": 9, "object_id": "13", "object_repr": "Gift", "action_flag": 1, "change_message": "[{\"added\": {}}]"}}, {"model": "admin.logentry", "pk": 41, "fields": {"action_time": "2023-02-21T21:28:11.839Z", "user": 1, "content_type": 9, "object_id": "14", "object_repr": "Donation", "action_flag": 1, "change_message": "[{\"added\": {}}]"}}, {"model": "admin.logentry", "pk": 42, "fields": {"action_time": "2023-02-21T21:28:24.553Z", "user": 1, "content_type": 9, "object_id": "15", "object_repr": "Loan", "action_flag": 1, "change_message": "[{\"added\": {}}]"}}, {"model": "admin.logentry", "pk": 43, "fields": {"action_time": "2023-02-21T21:29:00.883Z", "user": 1, "content_type": 9, "object_id": "16", "object_repr": "Party", "action_flag": 1, "change_message": "[{\"added\": {}}]"}}, {"model": "admin.logentry", "pk": 44, "fields": {"action_time": "2023-02-21T21:29:15.595Z", "user": 1, "content_type": 9, "object_id": "17", "object_repr": "Restaurant", "action_flag": 1, "change_message": "[{\"added\": {}}]"}}, {"model": "admin.logentry", "pk": 45, "fields": {"action_time": "2023-02-21T21:29:32.345Z", "user": 1, "content_type": 9, "object_id": "18", "object_repr": "Alcohol", "action_flag": 1, "change_message": "[{\"added\": {}}]"}}, {"model": "admin.logentry", "pk": 46, "fields": {"action_time": "2023-02-21T21:30:13.812Z", "user": 1, "content_type": 9, "object_id": "19", "object_repr": "Snack", "action_flag": 1, "change_message": "[{\"added\": {}}]"}}, {"model": "admin.logentry", "pk": 47, "fields": {"action_time": "2023-02-21T21:30:44.367Z", "user": 1, "content_type": 9, "object_id": "20", "object_repr": "Clothes", "action_flag": 1, "change_message": "[{\"added\": {}}]"}}, {"model": "admin.logentry", "pk": 48, "fields": {"action_time": "2023-02-21T21:30:54.508Z", "user": 1, "content_type": 9, "object_id": "21", "object_repr": "Spotify", "action_flag": 1, "change_message": "[{\"added\": {}}]"}}, {"model": "admin.logentry", "pk": 49, "fields": {"action_time": "2023-02-21T21:31:09.122Z", "user": 1, "content_type": 9, "object_id": "22", "object_repr": "Climbing", "action_flag": 1, "change_message": "[{\"added\": {}}]"}}, {"model": "admin.logentry", "pk": 50, "fields": {"action_time": "2023-02-21T21:31:18.400Z", "user": 1, "content_type": 9, "object_id": "23", "object_repr": "Tattoo", "action_flag": 1, "change_message": "[{\"added\": {}}]"}}, {"model": "admin.logentry", "pk": 51, "fields": {"action_time": "2023-02-21T21:31:26.721Z", "user": 1, "content_type": 9, "object_id": "24", "object_repr": "Technology", "action_flag": 1, "change_message": "[{\"added\": {}}]"}}, {"model": "admin.logentry", "pk": 52, "fields": {"action_time": "2023-02-21T21:31:36.500Z", "user": 1, "content_type": 9, "object_id": "25", "object_repr": "Toy", "action_flag": 1, "change_message": "[{\"added\": {}}]"}}, {"model": "admin.logentry", "pk": 53, "fields": {"action_time": "2023-02-21T21:32:26.275Z", "user": 1, "content_type": 9, "object_id": "26", "object_repr": "Monthly saving", "action_flag": 1, "change_message": "[{\"added\": {}}]"}}, {"model": "admin.logentry", "pk": 54, "fields": {"action_time": "2023-02-21T21:32:42.984Z", "user": 1, "content_type": 9, "object_id": "27", "object_repr": "Extra saving", "action_flag": 1, "change_message": "[{\"added\": {}}]"}}, {"model": "admin.logentry", "pk": 55, "fields": {"action_time": "2023-02-21T21:40:44.744Z", "user": 1, "content_type": 9, "object_id": "28", "object_repr": "Book", "action_flag": 1, "change_message": "[{\"added\": {}}]"}}, {"model": "admin.logentry", "pk": 56, "fields": {"action_time": "2023-02-21T21:40:53.463Z", "user": 1, "content_type": 9, "object_id": "29", "object_repr": "Course", "action_flag": 1, "change_message": "[{\"added\": {}}]"}}, {"model": "admin.logentry", "pk": 57, "fields": {"action_time": "2023-02-21T21:41:01.845Z", "user": 1, "content_type": 9, "object_id": "30", "object_repr": "University", "action_flag": 1, "change_message": "[{\"added\": {}}]"}}, {"model": "admin.logentry", "pk": 58, "fields": {"action_time": "2023-02-21T21:41:26.009Z", "user": 1, "content_type": 9, "object_id": "31", "object_repr": "Seminar", "action_flag": 1, "change_message": "[{\"added\": {}}]"}}, {"model": "admin.logentry", "pk": 59, "fields": {"action_time": "2023-02-21T21:41:40.894Z", "user": 1, "content_type": 9, "object_id": "32", "object_repr": "Application", "action_flag": 1, "change_message": "[{\"added\": {}}]"}}, {"model": "admin.logentry", "pk": 60, "fields": {"action_time": "2023-02-21T21:41:54.288Z", "user": 1, "content_type": 9, "object_id": "33", "object_repr": "Home", "action_flag": 1, "change_message": "[{\"added\": {}}]"}}, {"model": "admin.logentry", "pk": 61, "fields": {"action_time": "2023-02-21T21:42:35.851Z", "user": 1, "content_type": 9, "object_id": "34", "object_repr": "Incidentals", "action_flag": 1, "change_message": "[{\"added\": {}}]"}}, {"model": "admin.logentry", "pk": 62, "fields": {"action_time": "2023-02-21T21:42:49.406Z", "user": 1, "content_type": 9, "object_id": "35", "object_repr": "Renewal", "action_flag": 1, "change_message": "[{\"added\": {}}]"}}, {"model": "admin.logentry", "pk": 63, "fields": {"action_time": "2023-02-27T01:56:46.578Z", "user": 1, "content_type": 9, "object_id": "36", "object_repr": "Lunch", "action_flag": 1, "change_message": "[{\"added\": {}}]"}}, {"model": "admin.logentry", "pk": 64, "fields": {"action_time": "2023-02-27T02:00:58.102Z", "user": 1, "content_type": 9, "object_id": "37", "object_repr": "Accommodation", "action_flag": 1, "change_message": "[{\"added\": {}}]"}}, {"model": "admin.logentry", "pk": 65, "fields": {"action_time": "2023-02-27T02:45:57.528Z", "user": 1, "content_type": 9, "object_id": "33", "object_repr": "Home", "action_flag": 3, "change_message": ""}}, {"model": "auth.permission", "pk": 1, "fields": {"name": "Can add log entry", "content_type": 1, "codename": "add_logentry"}}, {"model": "auth.permission", "pk": 2, "fields": {"name": "Can change log entry", "content_type": 1, "codename": "change_logentry"}}, {"model": "auth.permission", "pk": 3, "fields": {"name": "Can delete log entry", "content_type": 1, "codename": "delete_logentry"}}, {"model": "auth.permission", "pk": 4, "fields": {"name": "Can view log entry", "content_type": 1, "codename": "view_logentry"}}, {"model": "auth.permission", "pk": 5, "fields": {"name": "Can add permission", "content_type": 2, "codename": "add_permission"}}, {"model": "auth.permission", "pk": 6, "fields": {"name": "Can change permission", "content_type": 2, "codename": "change_permission"}}, {"model": "auth.permission", "pk": 7, "fields": {"name": "Can delete permission", "content_type": 2, "codename": "delete_permission"}}, {"model": "auth.permission", "pk": 8, "fields": {"name": "Can view permission", "content_type": 2, "codename": "view_permission"}}, {"model": "auth.permission", "pk": 9, "fields": {"name": "Can add group", "content_type": 3, "codename": "add_group"}}, {"model": "auth.permission", "pk": 10, "fields": {"name": "Can change group", "content_type": 3, "codename": "change_group"}}, {"model": "auth.permission", "pk": 11, "fields": {"name": "Can delete group", "content_type": 3, "codename": "delete_group"}}, {"model": "auth.permission", "pk": 12, "fields": {"name": "Can view group", "content_type": 3, "codename": "view_group"}}, {"model": "auth.permission", "pk": 13, "fields": {"name": "Can add user", "content_type": 4, "codename": "add_user"}}, {"model": "auth.permission", "pk": 14, "fields": {"name": "Can change user", "content_type": 4, "codename": "change_user"}}, {"model": "auth.permission", "pk": 15, "fields": {"name": "Can delete user", "content_type": 4, "codename": "delete_user"}}, {"model": "auth.permission", "pk": 16, "fields": {"name": "Can view user", "content_type": 4, "codename": "view_user"}}, {"model": "auth.permission", "pk": 17, "fields": {"name": "Can add content type", "content_type": 5, "codename": "add_contenttype"}}, {"model": "auth.permission", "pk": 18, "fields": {"name": "Can change content type", "content_type": 5, "codename": "change_contenttype"}}, {"model": "auth.permission", "pk": 19, "fields": {"name": "Can delete content type", "content_type": 5, "codename": "delete_contenttype"}}, {"model": "auth.permission", "pk": 20, "fields": {"name": "Can view content type", "content_type": 5, "codename": "view_contenttype"}}, {"model": "auth.permission", "pk": 21, "fields": {"name": "Can add session", "content_type": 6, "codename": "add_session"}}, {"model": "auth.permission", "pk": 22, "fields": {"name": "Can change session", "content_type": 6, "codename": "change_session"}}, {"model": "auth.permission", "pk": 23, "fields": {"name": "Can delete session", "content_type": 6, "codename": "delete_session"}}, {"model": "auth.permission", "pk": 24, "fields": {"name": "Can view session", "content_type": 6, "codename": "view_session"}}, {"model": "auth.permission", "pk": 25, "fields": {"name": "Can add report app", "content_type": 7, "codename": "add_reportapp"}}, {"model": "auth.permission", "pk": 26, "fields": {"name": "Can change report app", "content_type": 7, "codename": "change_reportapp"}}, {"model": "auth.permission", "pk": 27, "fields": {"name": "Can delete report app", "content_type": 7, "codename": "delete_reportapp"}}, {"model": "auth.permission", "pk": 28, "fields": {"name": "Can view report app", "content_type": 7, "codename": "view_reportapp"}}, {"model": "auth.permission", "pk": 29, "fields": {"name": "Can add report", "content_type": 7, "codename": "add_report"}}, {"model": "auth.permission", "pk": 30, "fields": {"name": "Can change report", "content_type": 7, "codename": "change_report"}}, {"model": "auth.permission", "pk": 31, "fields": {"name": "Can delete report", "content_type": 7, "codename": "delete_report"}}, {"model": "auth.permission", "pk": 32, "fields": {"name": "Can view report", "content_type": 7, "codename": "view_report"}}, {"model": "auth.permission", "pk": 33, "fields": {"name": "Can add account", "content_type": 8, "codename": "add_account"}}, {"model": "auth.permission", "pk": 34, "fields": {"name": "Can change account", "content_type": 8, "codename": "change_account"}}, {"model": "auth.permission", "pk": 35, "fields": {"name": "Can delete account", "content_type": 8, "codename": "delete_account"}}, {"model": "auth.permission", "pk": 36, "fields": {"name": "Can view account", "content_type": 8, "codename": "view_account"}}, {"model": "auth.permission", "pk": 37, "fields": {"name": "Can add category", "content_type": 9, "codename": "add_category"}}, {"model": "auth.permission", "pk": 38, "fields": {"name": "Can change category", "content_type": 9, "codename": "change_category"}}, {"model": "auth.permission", "pk": 39, "fields": {"name": "Can delete category", "content_type": 9, "codename": "delete_category"}}, {"model": "auth.permission", "pk": 40, "fields": {"name": "Can view category", "content_type": 9, "codename": "view_category"}}, {"model": "auth.permission", "pk": 41, "fields": {"name": "Can add method", "content_type": 10, "codename": "add_method"}}, {"model": "auth.permission", "pk": 42, "fields": {"name": "Can change method", "content_type": 10, "codename": "change_method"}}, {"model": "auth.permission", "pk": 43, "fields": {"name": "Can delete method", "content_type": 10, "codename": "delete_method"}}, {"model": "auth.permission", "pk": 44, "fields": {"name": "Can view method", "content_type": 10, "codename": "view_method"}}, {"model": "auth.permission", "pk": 45, "fields": {"name": "Can add subcategory", "content_type": 11, "codename": "add_subcategory"}}, {"model": "auth.permission", "pk": 46, "fields": {"name": "Can change subcategory", "content_type": 11, "codename": "change_subcategory"}}, {"model": "auth.permission", "pk": 47, "fields": {"name": "Can delete subcategory", "content_type": 11, "codename": "delete_subcategory"}}, {"model": "auth.permission", "pk": 48, "fields": {"name": "Can view subcategory", "content_type": 11, "codename": "view_subcategory"}}, {"model": "auth.user", "pk": 1, "fields": {"password": "pbkdf2_sha256$600000$NAT8uu64pa4ynxL1ZB5LZA$28jeqVcifo1H7IsbSMvjHYy0lM73450DPIm+O77HPtg=", "last_login": "2023-05-26T18:08:15.872Z", "is_superuser": true, "username": "admin", "first_name": "", "last_name": "", "email": "juanrod08da@gmail.com", "is_staff": true, "is_active": true, "date_joined": "2023-01-26T01:55:01.093Z", "groups": [], "user_permissions": []}}, {"model": "contenttypes.contenttype", "pk": 1, "fields": {"app_label": "admin", "model": "logentry"}}, {"model": "contenttypes.contenttype", "pk": 2, "fields": {"app_label": "auth", "model": "permission"}}, {"model": "contenttypes.contenttype", "pk": 3, "fields": {"app_label": "auth", "model": "group"}}, {"model": "contenttypes.contenttype", "pk": 4, "fields": {"app_label": "auth", "model": "user"}}, {"model": "contenttypes.contenttype", "pk": 5, "fields": {"app_label": "contenttypes", "model": "contenttype"}}, {"model": "contenttypes.contenttype", "pk": 6, "fields": {"app_label": "sessions", "model": "session"}}, {"model": "contenttypes.contenttype", "pk": 7, "fields": {"app_label": "server", "model": "report"}}, {"model": "contenttypes.contenttype", "pk": 8, "fields": {"app_label": "server", "model": "account"}}, {"model": "contenttypes.contenttype", "pk": 9, "fields": {"app_label": "server", "model": "category"}}, {"model": "contenttypes.contenttype", "pk": 10, "fields": {"app_label": "server", "model": "method"}}, {"model": "contenttypes.contenttype", "pk": 11, "fields": {"app_label": "server", "model": "subcategory"}}, {"model": "sessions.session", "pk": "2evpxf5f6gxyln5bzyalhdwvz49ffm8z", "fields": {"session_data": ".eJxVjEEOwiAQRe_C2hCm0AFduvcMZIBBqgaS0q6Md7dNutDtf-_9t_C0LsWvnWc_JXERIE6_W6D45LqD9KB6bzK2usxTkLsiD9rlrSV-XQ_376BQL1utHNjMqC0Y0GwcuDQqhAx2CCNBtAYocbA5O-J03rhmNBqDYsQBnPh8Ab8_Nxc:1poVJz:IvQ5jiPHDbdNJ06uxdZYuqexBhCVKJHy4npKPQuIkO4", "expire_date": "2023-05-01T20:19:31.411Z"}}, {"model": "sessions.session", "pk": "4kl88jzaagirdxhn6dannctheln9whjb", "fields": {"session_data": ".eJxVjMEOwiAQRP-FsyFbFkrx6L3fQIDdStVAUtqT8d9tkx70OPPezFv4sK3Zb40XP5O4ik5cfrsY0pPLAegRyr3KVMu6zFEeijxpk2Mlft1O9-8gh5b3tTYcwTpWThFhYhOdNRoAI01mIOj3kDRP6KwKCEOHwL21AA7QKFLi8wXPRzaq:1pSPVA:uRPkVXElGa6xVhYKd_XjeGL8PQ-kJO5MsLTi6wydDC4", "expire_date": "2023-03-01T21:39:44.453Z"}}, {"model": "sessions.session", "pk": "5ur4zfhqvwivlvndymik454yf3rhsn3v", "fields": {"session_data": ".eJxVjEEOwiAQRe_C2hCm0AFduvcMZIBBqgaS0q6Md7dNutDtf-_9t_C0LsWvnWc_JXERIE6_W6D45LqD9KB6bzK2usxTkLsiD9rlrSV-XQ_376BQL1utHNjMqC0Y0GwcuDQqhAx2CCNBtAYocbA5O-J03rhmNBqDYsQBnPh8Ab8_Nxc:1q2brL:YcFJOoMLHk_XiLSbIr6fbAd6e6gUr_sVxLjbBIN8Q38", "expire_date": "2023-06-09T18:08:15.879Z"}}, {"model": "sessions.session", "pk": "bbjuf9kn5k5kkjar57n0dtq2hpv5wx4b", "fields": {"session_data": ".eJxVjEEOwiAQRe_C2hCm0AFduvcMZIBBqgaS0q6Md7dNutDtf-_9t_C0LsWvnWc_JXERIE6_W6D45LqD9KB6bzK2usxTkLsiD9rlrSV-XQ_376BQL1utHNjMqC0Y0GwcuDQqhAx2CCNBtAYocbA5O-J03rhmNBqDYsQBnPh8Ab8_Nxc:1q2NQV:iMGWZYCgNK-zdX5t4eLiH_DPVJXL4z4xTGC3sBHIUP0", "expire_date": "2023-06-09T02:43:35.393Z"}}, {"model": "sessions.session", "pk": "bwvf21bm1st0ien4zpaw8gaedz0eshwc", "fields": {"session_data": ".eJxVjEEOwiAQRe_C2hCm0AFduvcMZIBBqgaS0q6Md7dNutDtf-_9t_C0LsWvnWc_JXERIE6_W6D45LqD9KB6bzK2usxTkLsiD9rlrSV-XQ_376BQL1utHNjMqC0Y0GwcuDQqhAx2CCNBtAYocbA5O-J03rhmNBqDYsQBnPh8Ab8_Nxc:1q2K3p:aQI_-_xgvNZEwltBF1_7CvwaAqXSYKKy7QRnieIjMuU", "expire_date": "2023-06-08T23:07:57.559Z"}}, {"model": "sessions.session", "pk": "jrsmjrcdevjc5s2oi8m4lhj0p5kahhb2", "fields": {"session_data": ".eJxVjMEOwiAQRP-FsyFbFkrx6L3fQIDdStVAUtqT8d9tkx70OPPezFv4sK3Zb40XP5O4ik5cfrsY0pPLAegRyr3KVMu6zFEeijxpk2Mlft1O9-8gh5b3tTYcwTpWThFhYhOdNRoAI01mIOj3kDRP6KwKCEOHwL21AA7QKFLi8wXPRzaq:1pU6aA:fs35yyPV-MnK7YMR1rkrQ6jYkKRNU5hBe5SN8o02VI8", "expire_date": "2023-03-06T13:51:54.200Z"}}, {"model": "sessions.session", "pk": "kmipcuw8oma4ld2c0tel4n290tkfsikk", "fields": {"session_data": ".eJxVjMEOwiAQRP-FsyFbFkrx6L3fQIDdStVAUtqT8d9tkx70OPPezFv4sK3Zb40XP5O4ik5cfrsY0pPLAegRyr3KVMu6zFEeijxpk2Mlft1O9-8gh5b3tTYcwTpWThFhYhOdNRoAI01mIOj3kDRP6KwKCEOHwL21AA7QKFLi8wXPRzaq:1pP6gq:uvdhuz8e7eaUhbnvRoyRZZF7acEdFA_HRvRr5ksn1WY", "expire_date": "2023-02-20T18:58:08.806Z"}}, {"model": "sessions.session", "pk": "seg4qc42lq7udei1he7hfzle7ytox545", "fields": {"session_data": ".eJxVjMEOwiAQRP-FsyFbFkrx6L3fQIDdStVAUtqT8d9tkx70OPPezFv4sK3Zb40XP5O4ik5cfrsY0pPLAegRyr3KVMu6zFEeijxpk2Mlft1O9-8gh5b3tTYcwTpWThFhYhOdNRoAI01mIOj3kDRP6KwKCEOHwL21AA7QKFLi8wXPRzaq:1pUa03:9qsXZD-VoqDj4KBUaafxiDdiiBoXdGDe0NmIOALWsvg", "expire_date": "2023-03-07T21:16:35.875Z"}}, {"model": "sessions.session", "pk": "ujwa31x72gd3c6slw9fymkei7hklkqbr", "fields": {"session_data": ".eJxVjDsOwjAQBe_iGln-xR9Kes5grddrHECOFCcV4u5gKQW0b-bNi0XYtxr3TmucMzszyU6_WwJ8UBsg36HdFo5L29Y58aHwg3Z-XTI9L4f7F6jQ68hS0EkQZG8MSRmSQimLMGi1g6CSBZqSnjRicDbgVBQBie-lOG-LB_b-AOckOCw:1pKrTy:UaZEpNPk6kC5mb_hwV_Jx7nuOzCAI0yt3W8uFvESO_M", "expire_date": "2023-02-09T01:55:18.678Z"}}, {"model": "sessions.session", "pk": "xxtrupjf2rvbwvrgsteimudbet52rcr7", "fields": {"session_data": ".eJxVjEEOwiAQRe_C2hCm0AFduvcMZIBBqgaS0q6Md7dNutDtf-_9t_C0LsWvnWc_JXERIE6_W6D45LqD9KB6bzK2usxTkLsiD9rlrSV-XQ_376BQL1utHNjMqC0Y0GwcuDQqhAx2CCNBtAYocbA5O-J03rhmNBqDYsQBnPh8Ab8_Nxc:1q2NVG:0bOFL5iWTZpofq3x5nTvQRPNGlh7mU7cb4Cxgm9JYJQ", "expire_date": "2023-06-09T02:48:30.234Z"}}, {"model": "server.account", "pk": 3, "fields": {"name": "Finantial freedom", "budget": 0.1}}, {"model": "server.account", "pk": 4, "fields": {"name": "Game", "budget": 0.1}}, {"model": "server.account", "pk": 8, "fields": {"name": "Social Responsability", "budget": 0.1}}, {"model": "server.account", "pk": 9, "fields": {"name": "Obligations", "budget": 0.5}}, {"model": "server.account", "pk": 10, "fields": {"name": "Incidentals", "budget": 1.0}}, {"model": "server.account", "pk": 11, "fields": {"name": "Education", "budget": 0.1}}, {"model": "server.category", "pk": 1, "fields": {"account": 9, "name": "Pantry", "budget": 0.0}}, {"model": "server.category", "pk": 2, "fields": {"account": 9, "name": "Pet", "budget": 0.0}}, {"model": "server.category", "pk": 3, "fields": {"account": 9, "name": "Cleaning", "budget": 0.0}}, {"model": "server.category", "pk": 4, "fields": {"account": 9, "name": "Internet", "budget": 0.0}}, {"model": "server.category", "pk": 5, "fields": {"account": 9, "name": "Transport", "budget": 0.0}}, {"model": "server.category", "pk": 6, "fields": {"account": 9, "name": "Gym", "budget": 0.0}}, {"model": "server.category", "pk": 7, "fields": {"account": 9, "name": "Bike", "budget": 0.0}}, {"model": "server.category", "pk": 8, "fields": {"account": 9, "name": "Supplements", "budget": 0.0}}, {"model": "server.category", "pk": 9, "fields": {"account": 9, "name": "Home", "budget": 0.0}}, {"model": "server.category", "pk": 10, "fields": {"account": 9, "name": "Rent", "budget": 0.0}}, {"model": "server.category", "pk": 11, "fields": {"account": 9, "name": "Laundry", "budget": 0.0}}, {"model": "server.category", "pk": 12, "fields": {"account": 9, "name": "Personal care", "budget": 0.0}}, {"model": "server.category", "pk": 13, "fields": {"account": 8, "name": "Gift", "budget": 0.0}}, {"model": "server.category", "pk": 14, "fields": {"account": 8, "name": "Donation", "budget": 0.0}}, {"model": "server.category", "pk": 15, "fields": {"account": 8, "name": "Loan", "budget": 0.0}}, {"model": "server.category", "pk": 16, "fields": {"account": 4, "name": "Party", "budget": 0.0}}, {"model": "server.category", "pk": 17, "fields": {"account": 4, "name": "Restaurant", "budget": 0.0}}, {"model": "server.category", "pk": 18, "fields": {"account": 4, "name": "Alcohol", "budget": 0.0}}, {"model": "server.category", "pk": 19, "fields": {"account": 4, "name": "Snack", "budget": 0.0}}, {"model": "server.category", "pk": 20, "fields": {"account": 4, "name": "Clothes", "budget": 0.0}}, {"model": "server.category", "pk": 21, "fields": {"account": 4, "name": "Spotify", "budget": 0.0}}, {"model": "server.category", "pk": 22, "fields": {"account": 4, "name": "Climbing", "budget": 0.0}}, {"model": "server.category", "pk": 23, "fields": {"account": 4, "name": "Tattoo", "budget": 0.0}}, {"model": "server.category", "pk": 24, "fields": {"account": 4, "name": "Technology", "budget": 0.0}}, {"model": "server.category", "pk": 25, "fields": {"account": 4, "name": "Toy", "budget": 0.0}}, {"model": "server.category", "pk": 26, "fields": {"account": 3, "name": "Monthly saving", "budget": 0.0}}, {"model": "server.category", "pk": 27, "fields": {"account": 3, "name": "Extra saving", "budget": 0.0}}, {"model": "server.category", "pk": 28, "fields": {"account": 11, "name": "Book", "budget": 0.0}}, {"model": "server.category", "pk": 29, "fields": {"account": 11, "name": "Course", "budget": 0.0}}, {"model": "server.category", "pk": 30, "fields": {"account": 11, "name": "University", "budget": 0.0}}, {"model": "server.category", "pk": 31, "fields": {"account": 11, "name": "Seminar", "budget": 0.0}}, {"model": "server.category", "pk": 32, "fields": {"account": 11, "name": "Application", "budget": 0.0}}, {"model": "server.category", "pk": 34, "fields": {"account": 10, "name": "Incidentals", "budget": 0.0}}, {"model": "server.category", "pk": 35, "fields": {"account": 10, "name": "Renewal", "budget": 0.0}}, {"model": "server.category", "pk": 36, "fields": {"account": 9, "name": "Lunch", "budget": 0.0}}, {"model": "server.category", "pk": 37, "fields": {"account": 4, "name": "Accommodation", "budget": 0.0}}, {"model": "server.method", "pk": 1, "fields": {"name": "Bancolombia"}}, {"model": "server.method", "pk": 2, "fields": {"name": "Credit card"}}, {"model": "server.method", "pk": 3, "fields": {"name": "Nequi"}}, {"model": "server.method", "pk": 4, "fields": {"name": "Cash"}}, {"model": "server.report", "pk": 1, "fields": {"date": "2023-02-11", "account": 4, "category": 18, "price": "20,000.00", "payment": 2, "description": "Pod"}}, {"model": "server.report", "pk": 2, "fields": {"date": "2023-02-11", "account": 8, "category": 13, "price": "50,000.00", "payment": 2, "description": "cumple vale"}}, {"model": "server.report", "pk": 3, "fields": {"date": "2023-02-11", "account": 4, "category": 17, "price": "50,000.00", "payment": 2, "description": "cumple vale"}}, {"model": "server.report", "pk": 4, "fields": {"date": "2023-02-10", "account": 8, "category": 13, "price": "44,000.00", "payment": 2, "description": "marrakesh abue"}}, {"model": "server.report", "pk": 5, "fields": {"date": "2023-02-10", "account": 8, "category": 13, "price": "6,500.00", "payment": 2, "description": "helado abue"}}, {"model": "server.report", "pk": 6, "fields": {"date": "2023-02-10", "account": 4, "category": 17, "price": "44,000.00", "payment": 2, "description": "marrakesh abue"}}, {"model": "server.report", "pk": 7, "fields": {"date": "2023-02-09", "account": 9, "category": 36, "price": "7,000.00", "payment": 4, "description": ""}}, {"model": "server.report", "pk": 8, "fields": {"date": "2023-02-08", "account": 9, "category": 36, "price": "14,000.00", "payment": 3, "description": ""}}, {"model": "server.report", "pk": 9, "fields": {"date": "2023-02-07", "account": 9, "category": 36, "price": "11,500.00", "payment": 3, "description": ""}}, {"model": "server.report", "pk": 10, "fields": {"date": "2023-02-07", "account": 4, "category": 19, "price": "7,000.00", "payment": 3, "description": ""}}, {"model": "server.report", "pk": 11, "fields": {"date": "2023-02-06", "account": 4, "category": 17, "price": "30,000.00", "payment": 1, "description": "marrakesh"}}, {"model": "server.report", "pk": 12, "fields": {"date": "2023-02-04", "account": 9, "category": 36, "price": "17,000.00", "payment": 1, "description": ""}}, {"model": "server.report", "pk": 13, "fields": {"date": "2023-02-04", "account": 9, "category": 1, "price": "35,000.00", "payment": 2, "description": ""}}, {"model": "server.report", "pk": 14, "fields": {"date": "2023-02-04", "account": 4, "category": 18, "price": "30,000.00", "payment": 2, "description": "Vapo"}}, {"model": "server.report", "pk": 15, "fields": {"date": "2023-02-04", "account": 9, "category": 20, "price": "16,000.00", "payment": 2, "description": ""}}, {"model": "server.report", "pk": 16, "fields": {"date": "2023-02-03", "account": 9, "category": 36, "price": "15,800.00", "payment": 2, "description": "ensalada crepes"}}, {"model": "server.report", "pk": 17, "fields": {"date": "2023-02-03", "account": 4, "category": 23, "price": "18,000.00", "payment": 2, "description": "Crema"}}, {"model": "server.report", "pk": 18, "fields": {"date": "2023-02-03", "account": 4, "category": 23, "price": "3,400.00", "payment": 2, "description": "Jabon"}}, {"model": "server.report", "pk": 19, "fields": {"date": "2023-02-03", "account": 4, "category": 23, "price": "90,000.00", "payment": 3, "description": "Antebrazo"}}, {"model": "server.report", "pk": 20, "fields": {"date": "2023-02-03", "account": 4, "category": 5, "price": "8,400.00", "payment": 3, "description": "Chia tattoo"}}, {"model": "server.report", "pk": 21, "fields": {"date": "2023-02-02", "account": 9, "category": 36, "price": "11,500.00", "payment": 3, "description": ""}}, {"model": "server.report", "pk": 22, "fields": {"date": "2023-02-01", "account": 4, "category": 19, "price": "10,000.00", "payment": 1, "description": "postres vale"}}, {"model": "server.report", "pk": 23, "fields": {"date": "2023-02-01", "account": 9, "category": 1, "price": "22,000.00", "payment": 2, "description": ""}}, {"model": "server.report", "pk": 24, "fields": {"date": "2023-02-01", "account": 8, "category": 13, "price": "-80,000.00", "payment": 4, "description": "porque perdi mi tarrito"}}, {"model": "server.report", "pk": 25, "fields": {"date": "2023-02-01", "account": 8, "category": 13, "price": "10,000.00", "payment": 1, "description": "Postres vale"}}, {"model": "server.report", "pk": 26, "fields": {"date": "2023-01-30", "account": 9, "category": 36, "price": "31,000.00", "payment": 2, "description": "cocine"}}, {"model": "server.report", "pk": 27, "fields": {"date": "2023-01-27", "account": 8, "category": 13, "price": "11,500.00", "payment": 3, "description": "hoy fui a almorzar con stCasha"}}, {"model": "server.report", "pk": 28, "fields": {"date": "2023-01-25", "account": 9, "category": 36, "price": "11,500.00", "payment": 4, "description": ""}}, {"model": "server.report", "pk": 29, "fields": {"date": "2023-01-25", "account": 4, "category": 25, "price": "160,000.00", "payment": 2, "description": ""}}, {"model": "server.report", "pk": 30, "fields": {"date": "2023-02-11", "account": 4, "category": 18, "price": "20,000.00", "payment": 2, "description": "Pod"}}, {"model": "server.report", "pk": 31, "fields": {"date": "2023-02-11", "account": 8, "category": 13, "price": "50,000.00", "payment": 2, "description": "cumple vale"}}, {"model": "server.report", "pk": 32, "fields": {"date": "2023-02-11", "account": 4, "category": 17, "price": "50,000.00", "payment": 2, "description": "cumple vale"}}, {"model": "server.report", "pk": 33, "fields": {"date": "2023-02-10", "account": 8, "category": 13, "price": "44,000.00", "payment": 2, "description": "marrakesh abue"}}, {"model": "server.report", "pk": 34, "fields": {"date": "2023-02-10", "account": 8, "category": 13, "price": "6,500.00", "payment": 2, "description": "helado abue"}}, {"model": "server.report", "pk": 35, "fields": {"date": "2023-02-10", "account": 4, "category": 17, "price": "44,000.00", "payment": 2, "description": "marrakesh abue"}}, {"model": "server.report", "pk": 36, "fields": {"date": "2023-02-09", "account": 9, "category": 36, "price": "7,000.00", "payment": 4, "description": ""}}, {"model": "server.report", "pk": 37, "fields": {"date": "2023-02-08", "account": 9, "category": 36, "price": "14,000.00", "payment": 3, "description": ""}}, {"model": "server.report", "pk": 38, "fields": {"date": "2023-02-07", "account": 9, "category": 36, "price": "11,500.00", "payment": 3, "description": ""}}, {"model": "server.report", "pk": 39, "fields": {"date": "2023-02-07", "account": 4, "category": 19, "price": "7,000.00", "payment": 3, "description": ""}}, {"model": "server.report", "pk": 40, "fields": {"date": "2023-02-06", "account": 4, "category": 17, "price": "30,000.00", "payment": 1, "description": "marrakesh"}}, {"model": "server.report", "pk": 41, "fields": {"date": "2023-02-04", "account": 9, "category": 36, "price": "17,000.00", "payment": 1, "description": ""}}, {"model": "server.report", "pk": 42, "fields": {"date": "2023-02-04", "account": 9, "category": 1, "price": "35,000.00", "payment": 2, "description": ""}}, {"model": "server.report", "pk": 43, "fields": {"date": "2023-02-04", "account": 4, "category": 18, "price": "30,000.00", "payment": 2, "description": "Vapo"}}, {"model": "server.report", "pk": 44, "fields": {"date": "2023-02-04", "account": 9, "category": 20, "price": "16,000.00", "payment": 2, "description": ""}}, {"model": "server.report", "pk": 45, "fields": {"date": "2023-02-03", "account": 9, "category": 36, "price": "15,800.00", "payment": 2, "description": "ensalada crepes"}}, {"model": "server.report", "pk": 46, "fields": {"date": "2023-02-03", "account": 4, "category": 23, "price": "18,000.00", "payment": 2, "description": "Crema"}}, {"model": "server.report", "pk": 47, "fields": {"date": "2023-02-03", "account": 4, "category": 23, "price": "3,400.00", "payment": 2, "description": "Jabon"}}, {"model": "server.report", "pk": 48, "fields": {"date": "2023-02-03", "account": 4, "category": 23, "price": "90,000.00", "payment": 3, "description": "Antebrazo"}}, {"model": "server.report", "pk": 49, "fields": {"date": "2023-02-03", "account": 4, "category": 5, "price": "8,400.00", "payment": 3, "description": "Chia tattoo"}}, {"model": "server.report", "pk": 50, "fields": {"date": "2023-02-02", "account": 9, "category": 36, "price": "11,500.00", "payment": 3, "description": ""}}, {"model": "server.report", "pk": 51, "fields": {"date": "2023-02-01", "account": 4, "category": 19, "price": "10,000.00", "payment": 1, "description": "postres vale"}}, {"model": "server.report", "pk": 52, "fields": {"date": "2023-02-01", "account": 9, "category": 1, "price": "22,000.00", "payment": 2, "description": ""}}, {"model": "server.report", "pk": 53, "fields": {"date": "2023-02-01", "account": 8, "category": 13, "price": "-80,000.00", "payment": 4, "description": "porque perdi mi tarrito"}}, {"model": "server.report", "pk": 54, "fields": {"date": "2023-02-01", "account": 8, "category": 13, "price": "10,000.00", "payment": 1, "description": "Postres vale"}}, {"model": "server.report", "pk": 55, "fields": {"date": "2023-01-30", "account": 9, "category": 36, "price": "31,000.00", "payment": 2, "description": "cocine"}}, {"model": "server.report", "pk": 56, "fields": {"date": "2023-01-27", "account": 8, "category": 13, "price": "11,500.00", "payment": 3, "description": "hoy fui a almorzar con stCasha"}}, {"model": "server.report", "pk": 57, "fields": {"date": "2023-01-25", "account": 9, "category": 36, "price": "11,500.00", "payment": 4, "description": ""}}, {"model": "server.report", "pk": 58, "fields": {"date": "2023-01-25", "account": 4, "category": 25, "price": "160,000.00", "payment": 2, "description": ""}}, {"model": "server.report", "pk": 59, "fields": {"date": "2023-02-11", "account": 4, "category": 18, "price": "20,000.00", "payment": 2, "description": "Pod"}}, {"model": "server.report", "pk": 60, "fields": {"date": "2023-02-11", "account": 8, "category": 13, "price": "50,000.00", "payment": 2, "description": "cumple vale"}}, {"model": "server.report", "pk": 61, "fields": {"date": "2023-02-11", "account": 4, "category": 17, "price": "50,000.00", "payment": 2, "description": "cumple vale"}}, {"model": "server.report", "pk": 62, "fields": {"date": "2023-02-10", "account": 8, "category": 13, "price": "44,000.00", "payment": 2, "description": "marrakesh abue"}}, {"model": "server.report", "pk": 63, "fields": {"date": "2023-02-10", "account": 8, "category": 13, "price": "6,500.00", "payment": 2, "description": "helado abue"}}, {"model": "server.report", "pk": 64, "fields": {"date": "2023-02-10", "account": 4, "category": 17, "price": "44,000.00", "payment": 2, "description": "marrakesh abue"}}, {"model": "server.report", "pk": 65, "fields": {"date": "2023-02-09", "account": 9, "category": 36, "price": "7,000.00", "payment": 4, "description": ""}}, {"model": "server.report", "pk": 66, "fields": {"date": "2023-02-08", "account": 9, "category": 36, "price": "14,000.00", "payment": 3, "description": ""}}, {"model": "server.report", "pk": 67, "fields": {"date": "2023-02-07", "account": 9, "category": 36, "price": "11,500.00", "payment": 3, "description": ""}}, {"model": "server.report", "pk": 68, "fields": {"date": "2023-02-07", "account": 4, "category": 19, "price": "7,000.00", "payment": 3, "description": ""}}, {"model": "server.report", "pk": 69, "fields": {"date": "2023-02-06", "account": 4, "category": 17, "price": "30,000.00", "payment": 1, "description": "marrakesh"}}, {"model": "server.report", "pk": 70, "fields": {"date": "2023-02-04", "account": 9, "category": 36, "price": "17,000.00", "payment": 1, "description": ""}}, {"model": "server.report", "pk": 71, "fields": {"date": "2023-02-04", "account": 9, "category": 1, "price": "35,000.00", "payment": 2, "description": ""}}, {"model": "server.report", "pk": 72, "fields": {"date": "2023-02-04", "account": 4, "category": 18, "price": "30,000.00", "payment": 2, "description": "Vapo"}}, {"model": "server.report", "pk": 73, "fields": {"date": "2023-02-04", "account": 9, "category": 20, "price": "16,000.00", "payment": 2, "description": ""}}, {"model": "server.report", "pk": 74, "fields": {"date": "2023-02-03", "account": 9, "category": 36, "price": "15,800.00", "payment": 2, "description": "ensalada crepes"}}, {"model": "server.report", "pk": 75, "fields": {"date": "2023-02-03", "account": 4, "category": 23, "price": "18,000.00", "payment": 2, "description": "Crema"}}, {"model": "server.report", "pk": 76, "fields": {"date": "2023-02-03", "account": 4, "category": 23, "price": "3,400.00", "payment": 2, "description": "Jabon"}}, {"model": "server.report", "pk": 77, "fields": {"date": "2023-02-03", "account": 4, "category": 23, "price": "90,000.00", "payment": 3, "description": "Antebrazo"}}, {"model": "server.report", "pk": 78, "fields": {"date": "2023-02-03", "account": 4, "category": 5, "price": "8,400.00", "payment": 3, "description": "Chia tattoo"}}, {"model": "server.report", "pk": 79, "fields": {"date": "2023-02-02", "account": 9, "category": 36, "price": "11,500.00", "payment": 3, "description": ""}}, {"model": "server.report", "pk": 80, "fields": {"date": "2023-02-01", "account": 4, "category": 19, "price": "10,000.00", "payment": 1, "description": "postres vale"}}, {"model": "server.report", "pk": 81, "fields": {"date": "2023-02-01", "account": 9, "category": 1, "price": "22,000.00", "payment": 2, "description": ""}}, {"model": "server.report", "pk": 82, "fields": {"date": "2023-02-01", "account": 8, "category": 13, "price": "-80,000.00", "payment": 4, "description": "porque perdi mi tarrito"}}, {"model": "server.report", "pk": 83, "fields": {"date": "2023-02-01", "account": 8, "category": 13, "price": "10,000.00", "payment": 1, "description": "Postres vale"}}, {"model": "server.report", "pk": 84, "fields": {"date": "2023-01-30", "account": 9, "category": 36, "price": "31,000.00", "payment": 2, "description": "cocine"}}, {"model": "server.report", "pk": 85, "fields": {"date": "2023-01-27", "account": 8, "category": 13, "price": "11,500.00", "payment": 3, "description": "hoy fui a almorzar con stCasha"}}, {"model": "server.report", "pk": 86, "fields": {"date": "2023-01-25", "account": 9, "category": 36, "price": "11,500.00", "payment": 4, "description": ""}}, {"model": "server.report", "pk": 87, "fields": {"date": "2023-01-25", "account": 4, "category": 25, "price": "160,000.00", "payment": 2, "description": ""}}, {"model": "server.report", "pk": 88, "fields": {"date": "2023-01-25", "account": 9, "category": 9, "price": "28,000.00", "payment": 2, "description": "Tupper"}}, {"model": "server.report", "pk": 89, "fields": {"date": "2023-01-25", "account": 9, "category": 11, "price": "35,000.00", "payment": 3, "description": ""}}, {"model": "server.report", "pk": 90, "fields": {"date": "2023-02-11", "account": 4, "category": 18, "price": "20,000.00", "payment": 2, "description": "Pod"}}, {"model": "server.report", "pk": 91, "fields": {"date": "2023-02-11", "account": 8, "category": 13, "price": "50,000.00", "payment": 2, "description": "cumple vale"}}, {"model": "server.report", "pk": 92, "fields": {"date": "2023-02-11", "account": 4, "category": 17, "price": "50,000.00", "payment": 2, "description": "cumple vale"}}, {"model": "server.report", "pk": 93, "fields": {"date": "2023-02-10", "account": 8, "category": 13, "price": "44,000.00", "payment": 2, "description": "marrakesh abue"}}, {"model": "server.report", "pk": 94, "fields": {"date": "2023-02-10", "account": 8, "category": 13, "price": "6,500.00", "payment": 2, "description": "helado abue"}}, {"model": "server.report", "pk": 95, "fields": {"date": "2023-02-10", "account": 4, "category": 17, "price": "44,000.00", "payment": 2, "description": "marrakesh abue"}}, {"model": "server.report", "pk": 96, "fields": {"date": "2023-02-09", "account": 9, "category": 36, "price": "7,000.00", "payment": 4, "description": ""}}, {"model": "server.report", "pk": 97, "fields": {"date": "2023-02-08", "account": 9, "category": 36, "price": "14,000.00", "payment": 3, "description": ""}}, {"model": "server.report", "pk": 98, "fields": {"date": "2023-02-07", "account": 9, "category": 36, "price": "11,500.00", "payment": 3, "description": ""}}, {"model": "server.report", "pk": 99, "fields": {"date": "2023-02-07", "account": 4, "category": 19, "price": "7,000.00", "payment": 3, "description": ""}}, {"model": "server.report", "pk": 100, "fields": {"date": "2023-02-06", "account": 4, "category": 17, "price": "30,000.00", "payment": 1, "description": "marrakesh"}}, {"model": "server.report", "pk": 101, "fields": {"date": "2023-02-04", "account": 9, "category": 36, "price": "17,000.00", "payment": 1, "description": ""}}, {"model": "server.report", "pk": 102, "fields": {"date": "2023-02-04", "account": 9, "category": 1, "price": "35,000.00", "payment": 2, "description": ""}}, {"model": "server.report", "pk": 103, "fields": {"date": "2023-02-04", "account": 4, "category": 18, "price": "30,000.00", "payment": 2, "description": "Vapo"}}, {"model": "server.report", "pk": 104, "fields": {"date": "2023-02-04", "account": 9, "category": 20, "price": "16,000.00", "payment": 2, "description": ""}}, {"model": "server.report", "pk": 105, "fields": {"date": "2023-02-03", "account": 9, "category": 36, "price": "15,800.00", "payment": 2, "description": "ensalada crepes"}}, {"model": "server.report", "pk": 106, "fields": {"date": "2023-02-03", "account": 4, "category": 23, "price": "18,000.00", "payment": 2, "description": "Crema"}}, {"model": "server.report", "pk": 107, "fields": {"date": "2023-02-03", "account": 4, "category": 23, "price": "3,400.00", "payment": 2, "description": "Jabon"}}, {"model": "server.report", "pk": 108, "fields": {"date": "2023-02-03", "account": 4, "category": 23, "price": "90,000.00", "payment": 3, "description": "Antebrazo"}}, {"model": "server.report", "pk": 109, "fields": {"date": "2023-02-03", "account": 4, "category": 5, "price": "8,400.00", "payment": 3, "description": "Chia tattoo"}}, {"model": "server.report", "pk": 110, "fields": {"date": "2023-02-02", "account": 9, "category": 36, "price": "11,500.00", "payment": 3, "description": ""}}, {"model": "server.report", "pk": 111, "fields": {"date": "2023-02-01", "account": 4, "category": 19, "price": "10,000.00", "payment": 1, "description": "postres vale"}}, {"model": "server.report", "pk": 112, "fields": {"date": "2023-02-01", "account": 9, "category": 1, "price": "22,000.00", "payment": 2, "description": ""}}, {"model": "server.report", "pk": 113, "fields": {"date": "2023-02-01", "account": 8, "category": 13, "price": "-80,000.00", "payment": 4, "description": "porque perdi mi tarrito"}}, {"model": "server.report", "pk": 114, "fields": {"date": "2023-02-01", "account": 8, "category": 13, "price": "10,000.00", "payment": 1, "description": "Postres vale"}}, {"model": "server.report", "pk": 115, "fields": {"date": "2023-01-30", "account": 9, "category": 36, "price": "31,000.00", "payment": 2, "description": "cocine"}}, {"model": "server.report", "pk": 116, "fields": {"date": "2023-01-27", "account": 8, "category": 13, "price": "11,500.00", "payment": 3, "description": "hoy fui a almorzar con stCasha"}}, {"model": "server.report", "pk": 117, "fields": {"date": "2023-01-25", "account": 9, "category": 36, "price": "11,500.00", "payment": 4, "description": ""}}, {"model": "server.report", "pk": 118, "fields": {"date": "2023-01-25", "account": 4, "category": 25, "price": "160,000.00", "payment": 2, "description": ""}}, {"model": "server.report", "pk": 119, "fields": {"date": "2023-01-25", "account": 9, "category": 9, "price": "28,000.00", "payment": 2, "description": "Tupper"}}, {"model": "server.report", "pk": 120, "fields": {"date": "2023-01-25", "account": 9, "category": 11, "price": "35,000.00", "payment": 3, "description": ""}}, {"model": "server.report", "pk": 121, "fields": {"date": "2023-01-24", "account": 9, "category": 36, "price": "11,500.00", "payment": 3, "description": ""}}, {"model": "server.report", "pk": 122, "fields": {"date": "2023-01-24", "account": 9, "category": 7, "price": "70,000.00", "payment": 3, "description": ""}}, {"model": "server.report", "pk": 123, "fields": {"date": "2023-01-23", "account": 4, "category": 18, "price": "30,000.00", "payment": 2, "description": "Botella piernas de fuego"}}, {"model": "server.report", "pk": 124, "fields": {"date": "2023-01-23", "account": 9, "category": 36, "price": "11,500.00", "payment": 3, "description": ""}}, {"model": "server.report", "pk": 125, "fields": {"date": "2023-01-23", "account": 9, "category": 1, "price": "10,000.00", "payment": 2, "description": ""}}, {"model": "server.report", "pk": 126, "fields": {"date": "2023-01-22", "account": 9, "category": 36, "price": "24,000.00", "payment": 1, "description": ""}}, {"model": "server.report", "pk": 127, "fields": {"date": "2023-01-21", "account": 4, "category": 18, "price": "20,000.00", "payment": 4, "description": "antorcha con stCasha"}}, {"model": "server.report", "pk": 128, "fields": {"date": "2023-01-21", "account": 9, "category": 36, "price": "11,500.00", "payment": 3, "description": ""}}, {"model": "server.report", "pk": 129, "fields": {"date": "2023-01-21", "account": 9, "category": 1, "price": "16,000.00", "payment": 2, "description": ""}}, {"model": "server.report", "pk": 130, "fields": {"date": "2023-01-21", "account": 9, "category": 1, "price": "10,000.00", "payment": 2, "description": ""}}, {"model": "server.report", "pk": 131, "fields": {"date": "2023-01-21", "account": 9, "category": 9, "price": "174,000.00", "payment": 2, "description": "Luces govee"}}, {"model": "server.report", "pk": 132, "fields": {"date": "2023-01-20", "account": 9, "category": 36, "price": "11,500.00", "payment": 3, "description": ""}}, {"model": "server.report", "pk": 133, "fields": {"date": "2023-01-20", "account": 4, "category": 19, "price": "4,000.00", "payment": 4, "description": ""}}, {"model": "server.report", "pk": 134, "fields": {"date": "2023-01-20", "account": 4, "category": 21, "price": "8,000.00", "payment": 2, "description": ""}}, {"model": "server.report", "pk": 135, "fields": {"date": "2023-01-19", "account": 9, "category": 36, "price": "11,500.00", "payment": 3, "description": ""}}, {"model": "server.report", "pk": 136, "fields": {"date": "2023-01-18", "account": 9, "category": 36, "price": "15,000.00", "payment": 3, "description": ""}}, {"model": "server.report", "pk": 137, "fields": {"date": "2023-01-18", "account": 9, "category": 36, "price": "15,000.00", "payment": 3, "description": ""}}, {"model": "server.report", "pk": 138, "fields": {"date": "2023-01-18", "account": 9, "category": 1, "price": "11,000.00", "payment": 3, "description": "racimo de bananos"}}, {"model": "server.report", "pk": 139, "fields": {"date": "2023-01-18", "account": 9, "category": 1, "price": "22,000.00", "payment": 2, "description": ""}}, {"model": "server.report", "pk": 140, "fields": {"date": "2023-01-18", "account": 9, "category": 1, "price": "33,000.00", "payment": 2, "description": ""}}, {"model": "server.report", "pk": 141, "fields": {"date": "2023-01-18", "account": 4, "category": 22, "price": "40,000.00", "payment": 2, "description": ""}}, {"model": "server.report", "pk": 142, "fields": {"date": "2023-01-18", "account": 4, "category": 22, "price": "40,000.00", "payment": 2, "description": ""}}, {"model": "server.report", "pk": 143, "fields": {"date": "2023-01-17", "account": 9, "category": 36, "price": "11,500.00", "payment": 3, "description": ""}}, {"model": "server.report", "pk": 144, "fields": {"date": "2023-01-17", "account": 9, "category": 12, "price": "32,000.00", "payment": 2, "description": ""}}, {"model": "server.report", "pk": 145, "fields": {"date": "2023-01-16", "account": 4, "category": 19, "price": "9,000.00", "payment": 3, "description": ""}}, {"model": "server.report", "pk": 146, "fields": {"date": "2023-01-15", "account": 8, "category": 13, "price": "12,000.00", "payment": 2, "description": "te y mango abuela"}}, {"model": "server.report", "pk": 147, "fields": {"date": "2023-01-15", "account": 8, "category": 13, "price": "10,000.00", "payment": 2, "description": "cepillos abuela"}}, {"model": "server.report", "pk": 148, "fields": {"date": "2023-01-13", "account": 4, "category": 22, "price": "100,000.00", "payment": 3, "description": ""}}, {"model": "server.report", "pk": 149, "fields": {"date": "2023-01-13", "account": 4, "category": 17, "price": "33,000.00", "payment": 1, "description": "pizzeroa"}}, {"model": "server.report", "pk": 150, "fields": {"date": "2023-01-13", "account": 9, "category": 5, "price": "9,000.00", "payment": 4, "description": "bus Bogotá "}}, {"model": "server.report", "pk": 151, "fields": {"date": "2023-01-13", "account": 9, "category": 5, "price": "2,500.00", "payment": 4, "description": ""}}, {"model": "server.report", "pk": 152, "fields": {"date": "2023-01-12", "account": 9, "category": 36, "price": "13,000.00", "payment": 3, "description": "Lunch Briceño"}}, {"model": "server.report", "pk": 153, "fields": {"date": "2023-01-12", "account": 4, "category": 37, "price": "100,000.00", "payment": 3, "description": ""}}, {"model": "server.report", "pk": 154, "fields": {"date": "2023-01-12", "account": 4, "category": 19, "price": "8,000.00", "payment": 4, "description": "mecato"}}, {"model": "server.report", "pk": 155, "fields": {"date": "2023-01-12", "account": 4, "category": 17, "price": "30,000.00", "payment": 1, "description": "pizzería "}}, {"model": "server.report", "pk": 156, "fields": {"date": "2023-01-12", "account": 9, "category": 5, "price": "6,000.00", "payment": 4, "description": "bus zipa"}}, {"model": "server.report", "pk": 157, "fields": {"date": "2023-01-11", "account": 9, "category": 4, "price": "77,000.00", "payment": 1, "description": "ETB"}}, {"model": "server.report", "pk": 158, "fields": {"date": "2023-01-11", "account": 9, "category": 5, "price": "8,000.00", "payment": 4, "description": "bus zipa"}}, {"model": "server.report", "pk": 159, "fields": {"date": "2023-01-10", "account": 9, "category": 1, "price": "33,000.00", "payment": 2, "description": ""}}, {"model": "server.report", "pk": 160, "fields": {"date": "2023-01-09", "account": 4, "category": 18, "price": "35,000.00", "payment": 2, "description": "Paca poker promo"}}, {"model": "server.report", "pk": 161, "fields": {"date": "2023-01-09", "account": 9, "category": 36, "price": "10,000.00", "payment": 4, "description": ""}}, {"model": "server.report", "pk": 162, "fields": {"date": "2023-01-09", "account": 9, "category": 9, "price": "61,000.00", "payment": 2, "description": "Dollar city"}}, {"model": "server.report", "pk": 163, "fields": {"date": "2023-01-09", "account": 9, "category": 20, "price": "93,000.00", "payment": 2, "description": "Esqueletos"}}, {"model": "server.report", "pk": 164, "fields": {"date": "2023-01-08", "account": 9, "category": 36, "price": "20,900.00", "payment": 4, "description": ""}}, {"model": "server.report", "pk": 165, "fields": {"date": "2023-02-11", "account": 4, "category": 18, "price": "20,000.00", "payment": 2, "description": "Pod"}}, {"model": "server.report", "pk": 166, "fields": {"date": "2023-02-11", "account": 8, "category": 13, "price": "50,000.00", "payment": 2, "description": "cumple vale"}}, {"model": "server.report", "pk": 167, "fields": {"date": "2023-02-11", "account": 4, "category": 17, "price": "50,000.00", "payment": 2, "description": "cumple vale"}}, {"model": "server.report", "pk": 168, "fields": {"date": "2023-02-10", "account": 8, "category": 13, "price": "44,000.00", "payment": 2, "description": "marrakesh abue"}}, {"model": "server.report", "pk": 169, "fields": {"date": "2023-02-10", "account": 8, "category": 13, "price": "6,500.00", "payment": 2, "description": "helado abue"}}, {"model": "server.report", "pk": 170, "fields": {"date": "2023-02-10", "account": 4, "category": 17, "price": "44,000.00", "payment": 2, "description": "marrakesh abue"}}, {"model": "server.report", "pk": 171, "fields": {"date": "2023-02-09", "account": 9, "category": 36, "price": "7,000.00", "payment": 4, "description": ""}}, {"model": "server.report", "pk": 172, "fields": {"date": "2023-02-08", "account": 9, "category": 36, "price": "14,000.00", "payment": 3, "description": ""}}, {"model": "server.report", "pk": 173, "fields": {"date": "2023-02-07", "account": 9, "category": 36, "price": "11,500.00", "payment": 3, "description": ""}}, {"model": "server.report", "pk": 174, "fields": {"date": "2023-02-07", "account": 4, "category": 19, "price": "7,000.00", "payment": 3, "description": ""}}, {"model": "server.report", "pk": 175, "fields": {"date": "2023-02-06", "account": 4, "category": 17, "price": "30,000.00", "payment": 1, "description": "marrakesh"}}, {"model": "server.report", "pk": 176, "fields": {"date": "2023-02-04", "account": 9, "category": 36, "price": "17,000.00", "payment": 1, "description": ""}}, {"model": "server.report", "pk": 177, "fields": {"date": "2023-02-04", "account": 9, "category": 1, "price": "35,000.00", "payment": 2, "description": ""}}, {"model": "server.report", "pk": 178, "fields": {"date": "2023-02-04", "account": 4, "category": 18, "price": "30,000.00", "payment": 2, "description": "Vapo"}}, {"model": "server.report", "pk": 179, "fields": {"date": "2023-02-04", "account": 9, "category": 20, "price": "16,000.00", "payment": 2, "description": ""}}, {"model": "server.report", "pk": 180, "fields": {"date": "2023-02-03", "account": 9, "category": 36, "price": "15,800.00", "payment": 2, "description": "ensalada crepes"}}, {"model": "server.report", "pk": 181, "fields": {"date": "2023-02-03", "account": 4, "category": 23, "price": "18,000.00", "payment": 2, "description": "Crema"}}, {"model": "server.report", "pk": 182, "fields": {"date": "2023-02-03", "account": 4, "category": 23, "price": "3,400.00", "payment": 2, "description": "Jabon"}}, {"model": "server.report", "pk": 183, "fields": {"date": "2023-02-03", "account": 4, "category": 23, "price": "90,000.00", "payment": 3, "description": "Antebrazo"}}, {"model": "server.report", "pk": 184, "fields": {"date": "2023-02-03", "account": 4, "category": 5, "price": "8,400.00", "payment": 3, "description": "Chia tattoo"}}, {"model": "server.report", "pk": 185, "fields": {"date": "2023-02-02", "account": 9, "category": 36, "price": "11,500.00", "payment": 3, "description": ""}}, {"model": "server.report", "pk": 186, "fields": {"date": "2023-02-01", "account": 4, "category": 19, "price": "10,000.00", "payment": 1, "description": "postres vale"}}, {"model": "server.report", "pk": 187, "fields": {"date": "2023-02-01", "account": 9, "category": 1, "price": "22,000.00", "payment": 2, "description": ""}}, {"model": "server.report", "pk": 188, "fields": {"date": "2023-02-01", "account": 8, "category": 13, "price": "-80,000.00", "payment": 4, "description": "porque perdi mi tarrito"}}, {"model": "server.report", "pk": 189, "fields": {"date": "2023-02-01", "account": 8, "category": 13, "price": "10,000.00", "payment": 1, "description": "Postres vale"}}, {"model": "server.report", "pk": 190, "fields": {"date": "2023-01-30", "account": 9, "category": 36, "price": "31,000.00", "payment": 2, "description": "cocine"}}, {"model": "server.report", "pk": 191, "fields": {"date": "2023-01-27", "account": 8, "category": 13, "price": "11,500.00", "payment": 3, "description": "hoy fui a almorzar con stCasha"}}, {"model": "server.report", "pk": 192, "fields": {"date": "2023-01-25", "account": 9, "category": 36, "price": "11,500.00", "payment": 4, "description": ""}}, {"model": "server.report", "pk": 193, "fields": {"date": "2023-01-25", "account": 4, "category": 25, "price": "160,000.00", "payment": 2, "description": ""}}, {"model": "server.report", "pk": 194, "fields": {"date": "2023-01-25", "account": 9, "category": 9, "price": "28,000.00", "payment": 2, "description": "Tupper"}}, {"model": "server.report", "pk": 195, "fields": {"date": "2023-01-25", "account": 9, "category": 11, "price": "35,000.00", "payment": 3, "description": ""}}, {"model": "server.report", "pk": 196, "fields": {"date": "2023-01-24", "account": 9, "category": 36, "price": "11,500.00", "payment": 3, "description": ""}}, {"model": "server.report", "pk": 197, "fields": {"date": "2023-01-24", "account": 9, "category": 7, "price": "70,000.00", "payment": 3, "description": ""}}, {"model": "server.report", "pk": 198, "fields": {"date": "2023-01-23", "account": 4, "category": 18, "price": "30,000.00", "payment": 2, "description": "Botella piernas de fuego"}}, {"model": "server.report", "pk": 199, "fields": {"date": "2023-01-23", "account": 9, "category": 36, "price": "11,500.00", "payment": 3, "description": ""}}, {"model": "server.report", "pk": 200, "fields": {"date": "2023-01-23", "account": 9, "category": 1, "price": "10,000.00", "payment": 2, "description": ""}}, {"model": "server.report", "pk": 201, "fields": {"date": "2023-01-22", "account": 9, "category": 36, "price": "24,000.00", "payment": 1, "description": ""}}, {"model": "server.report", "pk": 202, "fields": {"date": "2023-01-21", "account": 4, "category": 18, "price": "20,000.00", "payment": 4, "description": "antorcha con stCasha"}}, {"model": "server.report", "pk": 203, "fields": {"date": "2023-01-21", "account": 9, "category": 36, "price": "11,500.00", "payment": 3, "description": ""}}, {"model": "server.report", "pk": 204, "fields": {"date": "2023-01-21", "account": 9, "category": 1, "price": "16,000.00", "payment": 2, "description": ""}}, {"model": "server.report", "pk": 205, "fields": {"date": "2023-01-21", "account": 9, "category": 1, "price": "10,000.00", "payment": 2, "description": ""}}, {"model": "server.report", "pk": 206, "fields": {"date": "2023-01-21", "account": 9, "category": 9, "price": "174,000.00", "payment": 2, "description": "Luces govee"}}, {"model": "server.report", "pk": 207, "fields": {"date": "2023-01-20", "account": 9, "category": 36, "price": "11,500.00", "payment": 3, "description": ""}}, {"model": "server.report", "pk": 208, "fields": {"date": "2023-01-20", "account": 4, "category": 19, "price": "4,000.00", "payment": 4, "description": ""}}, {"model": "server.report", "pk": 209, "fields": {"date": "2023-01-20", "account": 4, "category": 21, "price": "8,000.00", "payment": 2, "description": ""}}, {"model": "server.report", "pk": 210, "fields": {"date": "2023-01-19", "account": 9, "category": 36, "price": "11,500.00", "payment": 3, "description": ""}}, {"model": "server.report", "pk": 211, "fields": {"date": "2023-01-18", "account": 9, "category": 36, "price": "15,000.00", "payment": 3, "description": ""}}, {"model": "server.report", "pk": 212, "fields": {"date": "2023-01-18", "account": 9, "category": 36, "price": "15,000.00", "payment": 3, "description": ""}}, {"model": "server.report", "pk": 213, "fields": {"date": "2023-01-18", "account": 9, "category": 1, "price": "11,000.00", "payment": 3, "description": "racimo de bananos"}}, {"model": "server.report", "pk": 214, "fields": {"date": "2023-01-18", "account": 9, "category": 1, "price": "22,000.00", "payment": 2, "description": ""}}, {"model": "server.report", "pk": 215, "fields": {"date": "2023-01-18", "account": 9, "category": 1, "price": "33,000.00", "payment": 2, "description": ""}}, {"model": "server.report", "pk": 216, "fields": {"date": "2023-01-18", "account": 4, "category": 22, "price": "40,000.00", "payment": 2, "description": ""}}, {"model": "server.report", "pk": 217, "fields": {"date": "2023-01-18", "account": 4, "category": 22, "price": "40,000.00", "payment": 2, "description": ""}}, {"model": "server.report", "pk": 218, "fields": {"date": "2023-01-17", "account": 9, "category": 36, "price": "11,500.00", "payment": 3, "description": ""}}, {"model": "server.report", "pk": 219, "fields": {"date": "2023-01-17", "account": 9, "category": 12, "price": "32,000.00", "payment": 2, "description": ""}}, {"model": "server.report", "pk": 220, "fields": {"date": "2023-01-16", "account": 4, "category": 19, "price": "9,000.00", "payment": 3, "description": ""}}, {"model": "server.report", "pk": 221, "fields": {"date": "2023-01-15", "account": 8, "category": 13, "price": "12,000.00", "payment": 2, "description": "te y mango abuela"}}, {"model": "server.report", "pk": 222, "fields": {"date": "2023-01-15", "account": 8, "category": 13, "price": "10,000.00", "payment": 2, "description": "cepillos abuela"}}, {"model": "server.report", "pk": 223, "fields": {"date": "2023-01-13", "account": 4, "category": 22, "price": "100,000.00", "payment": 3, "description": ""}}, {"model": "server.report", "pk": 224, "fields": {"date": "2023-01-13", "account": 4, "category": 17, "price": "33,000.00", "payment": 1, "description": "pizzeroa"}}, {"model": "server.report", "pk": 225, "fields": {"date": "2023-01-13", "account": 9, "category": 5, "price": "9,000.00", "payment": 4, "description": "bus Bogotá "}}, {"model": "server.report", "pk": 226, "fields": {"date": "2023-01-13", "account": 9, "category": 5, "price": "2,500.00", "payment": 4, "description": ""}}, {"model": "server.report", "pk": 227, "fields": {"date": "2023-01-12", "account": 9, "category": 36, "price": "13,000.00", "payment": 3, "description": "Lunch Briceño"}}, {"model": "server.report", "pk": 228, "fields": {"date": "2023-01-12", "account": 4, "category": 37, "price": "100,000.00", "payment": 3, "description": ""}}, {"model": "server.report", "pk": 229, "fields": {"date": "2023-01-12", "account": 4, "category": 19, "price": "8,000.00", "payment": 4, "description": "mecato"}}, {"model": "server.report", "pk": 230, "fields": {"date": "2023-01-12", "account": 4, "category": 17, "price": "30,000.00", "payment": 1, "description": "pizzería "}}, {"model": "server.report", "pk": 231, "fields": {"date": "2023-01-12", "account": 9, "category": 5, "price": "6,000.00", "payment": 4, "description": "bus zipa"}}, {"model": "server.report", "pk": 232, "fields": {"date": "2023-01-11", "account": 9, "category": 4, "price": "77,000.00", "payment": 1, "description": "ETB"}}, {"model": "server.report", "pk": 233, "fields": {"date": "2023-01-11", "account": 9, "category": 5, "price": "8,000.00", "payment": 4, "description": "bus zipa"}}, {"model": "server.report", "pk": 234, "fields": {"date": "2023-01-10", "account": 9, "category": 1, "price": "33,000.00", "payment": 2, "description": ""}}, {"model": "server.report", "pk": 235, "fields": {"date": "2023-01-09", "account": 4, "category": 18, "price": "35,000.00", "payment": 2, "description": "Paca poker promo"}}, {"model": "server.report", "pk": 236, "fields": {"date": "2023-01-09", "account": 9, "category": 36, "price": "10,000.00", "payment": 4, "description": ""}}, {"model": "server.report", "pk": 237, "fields": {"date": "2023-01-09", "account": 9, "category": 9, "price": "61,000.00", "payment": 2, "description": "Dollar city"}}, {"model": "server.report", "pk": 238, "fields": {"date": "2023-01-09", "account": 9, "category": 20, "price": "93,000.00", "payment": 2, "description": "Esqueletos"}}, {"model": "server.report", "pk": 239, "fields": {"date": "2023-01-08", "account": 9, "category": 36, "price": "20,900.00", "payment": 4, "description": ""}}, {"model": "server.report", "pk": 240, "fields": {"date": "2023-01-08", "account": 4, "category": 19, "price": "9,000.00", "payment": 4, "description": ""}}, {"model": "server.report", "pk": 241, "fields": {"date": "2023-01-07", "account": 9, "category": 36, "price": "10,000.00", "payment": 4, "description": ""}}, {"model": "server.report", "pk": 242, "fields": {"date": "2023-01-07", "account": 9, "category": 10, "price": "110,000.00", "payment": 1, "description": "subió el canon"}}, {"model": "server.report", "pk": 243, "fields": {"date": "2023-01-06", "account": 9, "category": 36, "price": "10,000.00", "payment": 4, "description": ""}}, {"model": "server.report", "pk": 244, "fields": {"date": "2023-01-06", "account": 4, "category": 19, "price": "2,000.00", "payment": 4, "description": "Papa rellena"}}, {"model": "server.report", "pk": 245, "fields": {"date": "2023-01-06", "account": 4, "category": 19, "price": "2,000.00", "payment": 4, "description": "cafe y alfajor"}}, {"model": "server.report", "pk": 246, "fields": {"date": "2023-01-05", "account": 4, "category": 17, "price": "34,000.00", "payment": 4, "description": "Marrakesh"}}, {"model": "server.report", "pk": 247, "fields": {"date": "2023-01-04", "account": 9, "category": 1, "price": "57,000.00", "payment": 4, "description": ""}}, {"model": "server.report", "pk": 248, "fields": {"date": "2023-01-04", "account": 9, "category": 4, "price": "52,000.00", "payment": 2, "description": "Plan de datos"}}, {"model": "server.report", "pk": 249, "fields": {"date": "2023-01-04", "account": 9, "category": 4, "price": "55,900.00", "payment": 3, "description": "Plan de datos"}}, {"model": "server.report", "pk": 250, "fields": {"date": "2023-01-04", "account": 9, "category": 4, "price": "290,000.00", "payment": 3, "description": "Mifi"}}, {"model": "server.report", "pk": 251, "fields": {"date": "2023-01-04", "account": 9, "category": 2, "price": "81,500.00", "payment": 2, "description": "2 comidas y 1 arena"}}, {"model": "server.report", "pk": 252, "fields": {"date": "2023-01-03", "account": 4, "category": 18, "price": "20,000.00", "payment": 4, "description": "Bacardi"}}, {"model": "server.report", "pk": 253, "fields": {"date": "2023-01-03", "account": 4, "category": 18, "price": "12,000.00", "payment": 4, "description": "Vino y tequila"}}, {"model": "server.report", "pk": 254, "fields": {"date": "2023-01-03", "account": 4, "category": 17, "price": "30,000.00", "payment": 2, "description": "Subway"}}, {"model": "server.report", "pk": 255, "fields": {"date": "2023-01-02", "account": 9, "category": 36, "price": "10,000.00", "payment": 4, "description": ""}}, {"model": "server.report", "pk": 256, "fields": {"date": "2023-01-02", "account": 4, "category": 22, "price": "31,500.00", "payment": 2, "description": "Gran pared"}}, {"model": "server.report", "pk": 257, "fields": {"date": "2023-01-02", "account": 8, "category": 13, "price": "31,500.00", "payment": 2, "description": "Gran pared nelson"}}, {"model": "server.report", "pk": 258, "fields": {"date": "2023-01-01", "account": 4, "category": 17, "price": "30,000.00", "payment": 2, "description": "KFC"}}, {"model": "server.report", "pk": 259, "fields": {"date": "2023-05-25", "account": 9, "category": 36, "price": 6900.0, "payment": 4, "description": "fgh"}}]